period,flow,metric,category,value,unit,source_url
2025-12,outbound,count,total,13567,thousand_transactions,https://app.bot.or.th/BTWS_STAT/statistics/ReportPage.aspx?reportID=893
2026-01,outbound,count,total,12759,thousand_transactions,https://app.bot.or.th/BTWS_STAT/statistics/ReportPage.aspx?reportID=893
2026-02,outbound,count,total,11124,thousand_transactions,https://app.bot.or.th/BTWS_STAT/statistics/ReportPage.aspx?reportID=893
2026-03,outbound,count,total,14089,thousand_transactions,https://app.bot.or.th/BTWS_STAT/statistics/ReportPage.aspx?reportID=893
2026-04,outbound,count,total,14015,thousand_transactions,https://app.bot.or.th/BTWS_STAT/statistics/ReportPage.aspx?reportID=893
2026-05,outbound,count,total,13292,thousand_transactions,https://app.bot.or.th/BTWS_STAT/statistics/ReportPage.aspx?reportID=893
2025-12,outbound,value,total,25930,million_THB,https://app.bot.or.th/BTWS_STAT/statistics/ReportPage.aspx?reportID=893
2026-01,outbound,value,total,23561,million_THB,https://app.bot.or.th/BTWS_STAT/statistics/ReportPage.aspx?reportID=893
2026-02,outbound,value,total,20943,million_THB,https://app.bot.or.th/BTWS_STAT/statistics/ReportPage.aspx?reportID=893
2026-03,outbound,value,total,26057,million_THB,https://app.bot.or.th/BTWS_STAT/statistics/ReportPage.aspx?reportID=893
2026-04,outbound,value,total,25377,million_THB,https://app.bot.or.th/BTWS_STAT/statistics/ReportPage.aspx?reportID=893
2026-05,outbound,value,total,23022,million_THB,https://app.bot.or.th/BTWS_STAT/statistics/ReportPage.aspx?reportID=893
2025-12,outbound,value,credit_POS,11801,million_THB,https://app.bot.or.th/BTWS_STAT/statistics/ReportPage.aspx?reportID=893
2026-01,outbound,value,credit_POS,10078,million_THB,https://app.bot.or.th/BTWS_STAT/statistics/ReportPage.aspx?reportID=893
2026-02,outbound,value,credit_POS,8829,million_THB,https://app.bot.or.th/BTWS_STAT/statistics/ReportPage.aspx?reportID=893
2026-03,outbound,value,credit_POS,11554,million_THB,https://app.bot.or.th/BTWS_STAT/statistics/ReportPage.aspx?reportID=893
2026-04,outbound,value,credit_POS,12462,million_THB,https://app.bot.or.th/BTWS_STAT/statistics/ReportPage.aspx?reportID=893
2026-05,outbound,value,credit_POS,10206,million_THB,https://app.bot.or.th/BTWS_STAT/statistics/ReportPage.aspx?reportID=893
2025-12,outbound,value,credit_online,7520,million_THB,https://app.bot.or.th/BTWS_STAT/statistics/ReportPage.aspx?reportID=893
2026-01,outbound,value,credit_online,7128,million_THB,https://app.bot.or.th/BTWS_STAT/statistics/ReportPage.aspx?reportID=893
2026-02,outbound,value,credit_online,6433,million_THB,https://app.bot.or.th/BTWS_STAT/statistics/ReportPage.aspx?reportID=893
2026-03,outbound,value,credit_online,7808,million_THB,https://app.bot.or.th/BTWS_STAT/statistics/ReportPage.aspx?reportID=893
2026-04,outbound,value,credit_online,7140,million_THB,https://app.bot.or.th/BTWS_STAT/statistics/ReportPage.aspx?reportID=893
2026-05,outbound,value,credit_online,7191,million_THB,https://app.bot.or.th/BTWS_STAT/statistics/ReportPage.aspx?reportID=893
2025-12,inbound_foreign_cards,count,total,32772,thousand_transactions,https://app.bot.or.th/BTWS_STAT/statistics/ReportPage.aspx?language=eng&reportID=892
2026-01,inbound_foreign_cards,count,total,34009,thousand_transactions,https://app.bot.or.th/BTWS_STAT/statistics/ReportPage.aspx?language=eng&reportID=892
2026-02,inbound_foreign_cards,count,total,32940,thousand_transactions,https://app.bot.or.th/BTWS_STAT/statistics/ReportPage.aspx?language=eng&reportID=892
2026-03,inbound_foreign_cards,count,total,31522,thousand_transactions,https://app.bot.or.th/BTWS_STAT/statistics/ReportPage.aspx?language=eng&reportID=892
2026-04,inbound_foreign_cards,count,total,28511,thousand_transactions,https://app.bot.or.th/BTWS_STAT/statistics/ReportPage.aspx?language=eng&reportID=892
2026-05,inbound_foreign_cards,count,total,28062,thousand_transactions,https://app.bot.or.th/BTWS_STAT/statistics/ReportPage.aspx?language=eng&reportID=892
2025-12,inbound_foreign_cards,value,total,81223,million_THB,https://app.bot.or.th/BTWS_STAT/statistics/ReportPage.aspx?language=eng&reportID=892
2026-01,inbound_foreign_cards,value,total,84731,million_THB,https://app.bot.or.th/BTWS_STAT/statistics/ReportPage.aspx?language=eng&reportID=892
2026-02,inbound_foreign_cards,value,total,75064,million_THB,https://app.bot.or.th/BTWS_STAT/statistics/ReportPage.aspx?language=eng&reportID=892
2026-03,inbound_foreign_cards,value,total,69684,million_THB,https://app.bot.or.th/BTWS_STAT/statistics/ReportPage.aspx?language=eng&reportID=892
2026-04,inbound_foreign_cards,value,total,59176,million_THB,https://app.bot.or.th/BTWS_STAT/statistics/ReportPage.aspx?language=eng&reportID=892
2026-05,inbound_foreign_cards,value,total,55257,million_THB,https://app.bot.or.th/BTWS_STAT/statistics/ReportPage.aspx?language=eng&reportID=892
2025-12,inbound_foreign_cards,value,credit_EFTPOS,39215,million_THB,https://app.bot.or.th/BTWS_STAT/statistics/ReportPage.aspx?language=eng&reportID=892
2026-01,inbound_foreign_cards,value,credit_EFTPOS,40758,million_THB,https://app.bot.or.th/BTWS_STAT/statistics/ReportPage.aspx?language=eng&reportID=892
2026-02,inbound_foreign_cards,value,credit_EFTPOS,34323,million_THB,https://app.bot.or.th/BTWS_STAT/statistics/ReportPage.aspx?language=eng&reportID=892
2026-03,inbound_foreign_cards,value,credit_EFTPOS,31035,million_THB,https://app.bot.or.th/BTWS_STAT/statistics/ReportPage.aspx?language=eng&reportID=892
2026-04,inbound_foreign_cards,value,credit_EFTPOS,25861,million_THB,https://app.bot.or.th/BTWS_STAT/statistics/ReportPage.aspx?language=eng&reportID=892
2026-05,inbound_foreign_cards,value,credit_EFTPOS,23912,million_THB,https://app.bot.or.th/BTWS_STAT/statistics/ReportPage.aspx?language=eng&reportID=892